Start_Time,End_Time,Activity
2011-11-28 02:27:59,2011-11-28 10:18:11,Sleeping
2011-11-28 10:18:11,2011-11-28 10:21:24,Idle
2011-11-28 10:21:24,2011-11-28 10:23:36,Bathroom_Usage
2011-11-28 10:23:36,2011-11-28 10:25:44,Idle
2011-11-28 10:25:44,2011-11-28 10:33:00,Bathroom_Usage
2011-11-28 10:33:00,2011-11-28 10:34:23,Idle
2011-11-28 10:34:23,2011-11-28 10:43:00,Kitchen_Usage
2011-11-28 10:43:00,2011-11-28 10:49:48,Idle
2011-11-28 10:49:48,2011-11-28 10:51:13,Bathroom_Usage
2011-11-28 10:51:41,2011-11-28 13:05:07,Relax
2011-11-28 13:06:04,2011-11-28 13:06:31,Bathroom_Usage
2011-11-28 13:06:31,2011-11-28 13:09:31,Idle
2011-11-28 13:09:31,2011-11-28 13:29:09,Outside
2011-11-28 13:29:09,2011-11-28 13:38:40,Idle
2011-11-28 13:38:40,2011-11-28 14:21:40,Relax
2011-11-28 14:22:38,2011-11-28 14:27:07,Bathroom_Usage
2011-11-28 14:27:11,2011-11-28 15:04:00,Meal_Preparation
2011-11-28 15:04:59,2011-11-28 15:06:29,Bathroom_Usage
2011-11-28 15:07:01,2011-11-28 20:20:00,Relax
2011-11-28 20:20:55,2011-11-28 20:20:59,Kitchen_Usage
2011-11-28 20:21:15,2011-11-29 02:06:00,Relax
2011-11-29 02:06:00,2011-11-29 02:16:00,Idle
2011-11-29 02:16:00,2011-11-29 11:31:00,Sleeping
2011-11-29 11:31:55,2011-11-29 11:48:54,Bathroom_Usage
2011-11-29 11:48:54,2011-11-29 11:49:57,Idle
2011-11-29 11:49:57,2011-11-29 11:51:13,Bathroom_Usage
2011-11-29 11:51:13,2011-11-29 12:08:28,Idle
2011-11-29 12:08:28,2011-11-29 12:18:00,Meal_Preparation
2011-11-29 12:18:00,2011-11-29 12:19:01,Idle
2011-11-29 12:19:01,2011-11-29 12:22:00,Bathroom_Usage
2011-11-29 12:22:38,2011-11-29 12:24:59,Relax
2011-11-29 12:24:59,2011-11-29 13:25:29,Idle
2011-11-29 13:25:29,2011-11-29 13:25:32,Meal_Preparation
2011-11-29 13:25:38,2011-11-29 15:12:26,Relax
2011-11-29 15:12:26,2011-11-29 15:13:28,Idle
2011-11-29 15:13:28,2011-11-29 15:13:57,Bathroom_Usage
2011-11-29 15:14:33,2011-11-29 15:45:54,Kitchen_Usage
2011-11-29 15:45:54,2011-11-29 15:49:51,Idle
2011-11-29 15:49:51,2011-11-29 15:50:54,Bathroom_Usage
2011-11-29 15:50:54,2011-11-29 15:52:04,Idle
2011-11-29 15:52:04,2011-11-29 16:17:58,Relax
2011-11-29 16:18:00,2011-11-29 16:31:27,Bathroom_Usage
2011-11-29 16:31:27,2011-11-29 16:34:17,Idle
2011-11-29 16:34:17,2011-11-29 17:08:07,Relax
2011-11-29 17:08:58,2011-11-29 17:09:29,Bathroom_Usage
2011-11-29 17:09:29,2011-11-29 17:43:00,Idle
2011-11-29 17:43:00,2011-11-29 18:57:22,Relax
2011-11-29 18:57:22,2011-11-29 19:02:15,Idle
2011-11-29 19:02:15,2011-11-29 20:23:38,Outside
2011-11-29 20:23:38,2011-11-29 20:28:00,Idle
2011-11-29 20:28:00,2011-11-30 01:19:47,Relax
2011-11-30 01:19:47,2011-11-30 01:22:33,Idle
2011-11-30 01:22:33,2011-11-30 10:07:31,Sleeping
2011-11-30 10:07:31,2011-11-30 10:11:07,Idle
2011-11-30 10:11:07,2011-11-30 10:18:33,Bathroom_Usage
2011-11-30 10:18:33,2011-11-30 10:22:59,Idle
2011-11-30 10:22:59,2011-11-30 10:35:00,Kitchen_Usage
2011-11-30 10:35:00,2011-11-30 10:39:30,Idle
2011-11-30 10:39:30,2011-11-30 10:41:13,Bathroom_Usage
2011-11-30 10:41:38,2011-11-30 13:04:59,Relax
2011-11-30 13:05:27,2011-11-30 13:05:31,Kitchen_Usage
2011-11-30 13:05:38,2011-11-30 14:09:34,Relax
2011-11-30 14:09:34,2011-11-30 14:11:16,Idle
2011-11-30 14:11:16,2011-11-30 14:11:48,Bathroom_Usage
2011-11-30 14:11:48,2011-11-30 14:13:45,Idle
2011-11-30 14:13:45,2011-11-30 14:34:09,Relax
2011-11-30 14:34:09,2011-11-30 14:39:42,Idle
2011-11-30 14:39:42,2011-11-30 15:00:24,Meal_Preparation
2011-11-30 15:00:24,2011-11-30 15:11:48,Idle
2011-11-30 15:11:48,2011-11-30 16:39:11,Relax
2011-11-30 16:40:01,2011-11-30 16:40:24,Bathroom_Usage
2011-11-30 16:41:05,2011-11-30 16:41:09,Meal_Preparation
2011-11-30 16:41:15,2011-11-30 18:00:38,Relax
2011-11-30 18:00:38,2011-11-30 18:01:44,Idle
2011-11-30 18:01:44,2011-11-30 18:01:47,Bathroom_Usage
2011-11-30 18:01:54,2011-11-30 18:43:20,Relax
2011-11-30 18:43:20,2011-11-30 18:57:08,Idle
2011-11-30 18:57:08,2011-11-30 18:57:34,Bathroom_Usage
2011-11-30 18:57:39,2011-11-30 19:37:10,Relax
2011-11-30 19:37:36,2011-11-30 19:38:01,Bathroom_Usage
2011-11-30 19:38:01,2011-11-30 19:46:44,Idle
2011-11-30 19:46:44,2011-11-30 20:05:12,Outside
2011-11-30 20:05:12,2011-11-30 20:13:39,Idle
2011-11-30 20:13:39,2011-11-30 20:13:48,Bathroom_Usage
2011-11-30 20:14:03,2011-12-01 01:34:27,Relax
2011-12-01 01:34:27,2011-12-01 01:37:52,Idle
2011-12-01 01:37:52,2011-12-01 10:50:45,Sleeping
2011-12-01 10:50:45,2011-12-01 10:55:03,Idle
2011-12-01 10:55:03,2011-12-01 10:55:32,Bathroom_Usage
2011-12-01 10:55:32,2011-12-01 10:58:37,Idle
2011-12-01 10:58:37,2011-12-01 11:12:22,Bathroom_Usage
2011-12-01 11:12:22,2011-12-01 11:17:05,Idle
2011-12-01 11:17:05,2011-12-01 11:29:49,Meal_Preparation
2011-12-01 11:30:06,2011-12-01 14:29:02,Relax
2011-12-01 14:29:37,2011-12-01 14:55:02,Kitchen_Usage
2011-12-01 14:55:02,2011-12-01 15:09:00,Idle
2011-12-01 15:09:00,2011-12-01 16:26:17,Relax
2011-12-01 16:26:35,2011-12-01 16:27:04,Bathroom_Usage
2011-12-01 16:27:03,2011-12-01 16:46:40,Relax
2011-12-01 16:46:40,2011-12-01 17:17:23,Idle
2011-12-01 17:17:23,2011-12-01 17:27:13,Bathroom_Usage
2011-12-01 17:27:13,2011-12-01 17:29:29,Idle
2011-12-01 17:29:29,2011-12-01 18:49:51,Outside
2011-12-01 18:49:51,2011-12-01 18:55:03,Idle
2011-12-01 18:55:03,2011-12-01 19:10:34,Relax
2011-12-01 19:10:34,2011-12-01 19:28:51,Idle
2011-12-01 19:28:51,2011-12-01 16:29:59,Bathroom_Usage
2011-12-01 16:29:59,2011-12-01 19:30:01,Idle
2011-12-01 19:30:01,2011-12-01 23:52:52,Relax
2011-12-01 23:53:00,2011-12-01 23:53:28,Bathroom_Usage
2011-12-01 23:53:28,2011-12-01 23:54:32,Idle
2011-12-01 23:54:32,2011-12-02 01:18:32,Relax
2011-12-02 01:18:44,2011-12-02 01:18:57,Bathroom_Usage
2011-12-02 01:19:09,2011-12-02 02:08:17,Relax
2011-12-02 02:08:17,2011-12-02 02:09:33,Idle
2011-12-02 02:09:33,2011-12-02 02:13:56,Bathroom_Usage
2011-12-02 02:13:56,2011-12-02 02:15:55,Idle
2011-12-02 02:15:55,2011-12-02 12:15:19,Sleeping
2011-12-02 12:16:00,2011-12-01 10:20:59,Bathroom_Usage
2011-12-01 10:20:59,2011-12-02 12:21:19,Idle
2011-12-02 12:21:19,2011-12-02 12:25:40,Bathroom_Usage
2011-12-02 12:25:40,2011-12-02 12:27:47,Idle
2011-12-02 12:27:47,2011-12-01 11:35:49,Meal_Preparation
2011-12-01 11:35:49,2011-12-02 12:37:47,Idle
2011-12-02 12:37:47,2011-12-02 14:46:29,Relax
2011-12-02 14:47:00,2011-12-02 15:20:00,Meal_Preparation
2011-12-02 15:20:00,2011-12-02 15:24:05,Idle
2011-12-02 15:24:05,2011-12-02 15:55:12,Relax
2011-12-02 15:56:02,2011-12-02 15:57:55,Bathroom_Usage
2011-12-02 15:58:00,2011-12-02 16:36:05,Relax
2011-12-02 16:36:05,2011-12-02 16:37:27,Idle
2011-12-02 16:37:27,2011-12-02 16:47:27,Bathroom_Usage
2011-12-02 16:47:39,2011-12-02 19:39:08,Relax
2011-12-02 19:39:08,2011-12-02 19:40:44,Idle
2011-12-02 19:40:44,2011-12-02 19:40:50,Meal_Preparation
2011-12-02 19:41:14,2011-12-02 21:26:09,Relax
2011-12-02 21:27:09,2011-12-02 21:44:37,Bathroom_Usage
2011-12-02 21:44:37,2011-12-02 21:46:31,Idle
2011-12-02 21:46:31,2011-12-03 01:41:08,Relax
2011-12-03 01:41:08,2011-12-03 01:47:02,Idle
2011-12-03 01:47:02,2011-12-03 11:56:20,Sleeping
2011-12-03 11:57:15,2011-12-03 12:01:59,Bathroom_Usage
2011-12-03 12:01:59,2011-12-03 12:03:36,Idle
2011-12-03 12:03:36,2011-12-03 12:07:26,Bathroom_Usage
2011-12-03 12:07:26,2011-12-03 12:10:35,Idle
2011-12-03 12:10:35,2011-12-03 12:19:30,Kitchen_Usage
2011-12-03 12:19:30,2011-12-03 12:21:30,Idle
2011-12-03 12:21:30,2011-12-03 13:28:36,Relax
2011-12-03 13:29:00,2011-12-03 13:29:59,Bathroom_Usage
2011-12-03 13:29:48,2011-12-03 14:01:20,Relax
2011-12-03 14:01:20,2011-12-03 14:11:10,Idle
2011-12-03 14:11:10,2011-12-03 14:14:43,Bathroom_Usage
2011-12-03 14:14:43,2011-12-03 14:18:11,Idle
2011-12-03 14:18:11,2011-12-03 17:48:37,Outside
2011-12-03 17:48:37,2011-12-03 17:50:14,Idle
2011-12-03 17:50:14,2011-12-03 23:53:24,Relax
2011-12-03 23:54:00,2011-12-03 23:54:51,Bathroom_Usage
2011-12-03 23:55:18,2011-12-04 03:16:13,Relax
2011-12-04 03:16:13,2011-12-04 03:19:17,Idle
2011-12-04 03:19:17,2011-12-04 12:37:49,Sleeping
2011-12-04 12:37:49,2011-12-04 12:39:45,Idle
2011-12-04 12:39:45,2011-12-04 12:47:28,Bathroom_Usage
2011-12-04 12:47:28,2011-12-04 12:50:56,Idle
2011-12-04 12:50:56,2011-12-04 12:54:55,Bathroom_Usage
2011-12-04 12:54:55,2011-12-04 12:56:08,Idle
2011-12-04 12:56:08,2011-12-04 12:59:48,Kitchen_Usage
2011-12-04 12:59:48,2011-12-04 13:00:53,Idle
2011-12-04 13:00:53,2011-12-04 13:58:10,Relax
2011-12-04 13:58:10,2011-12-04 14:00:12,Idle
2011-12-04 14:00:12,2011-12-04 14:03:42,Bathroom_Usage
2011-12-04 14:03:42,2011-12-04 14:11:50,Idle
2011-12-04 14:11:50,2011-12-04 16:31:01,Outside
2011-12-04 16:31:01,2011-12-04 16:34:00,Idle
2011-12-04 16:34:00,2011-12-04 17:25:39,Relax
2011-12-04 17:25:39,2011-12-04 17:27:03,Idle
2011-12-04 17:27:03,2011-12-04 17:27:08,Meal_Preparation
2011-12-04 17:27:16,2011-12-04 17:43:56,Relax
2011-12-04 17:43:56,2011-12-04 17:45:00,Idle
2011-12-04 17:45:00,2011-12-04 17:45:59,Bathroom_Usage
2011-12-04 17:45:59,2011-12-04 18:08:28,Idle
2011-12-04 18:08:28,2011-12-04 18:57:52,Relax
2011-12-04 18:58:06,2011-12-04 18:59:33,Bathroom_Usage
2011-12-04 18:59:53,2011-12-04 18:59:59,Kitchen_Usage
2011-12-04 19:00:04,2011-12-04 22:20:59,Relax
2011-12-04 22:21:10,2011-12-04 22:22:10,Bathroom_Usage
2011-12-04 22:22:19,2011-12-05 01:28:09,Relax
2011-12-05 01:28:09,2011-12-05 01:31:34,Idle
2011-12-05 01:31:34,2011-12-05 01:31:39,Bathroom_Usage
2011-12-05 01:31:39,2011-12-05 01:35:10,Idle
2011-12-05 01:35:10,2011-12-05 11:48:55,Sleeping
2011-12-05 11:48:55,2011-12-05 11:53:01,Idle
2011-12-05 11:53:01,2011-12-05 11:53:31,Bathroom_Usage
2011-12-05 11:53:31,2011-12-05 11:57:47,Idle
2011-12-05 11:57:47,2011-12-05 11:57:55,Bathroom_Usage
2011-12-05 11:57:55,2011-12-05 12:01:23,Idle
2011-12-05 12:01:23,2011-12-05 12:08:56,Bathroom_Usage
2011-12-05 12:08:56,2011-12-05 12:14:49,Idle
2011-12-05 12:14:49,2011-12-05 12:24:37,Meal_Preparation
2011-12-05 12:24:37,2011-12-05 13:46:29,Idle
2011-12-05 13:46:29,2011-12-05 14:26:46,Relax
2011-12-05 14:26:46,2011-12-05 14:28:36,Idle
2011-12-05 14:28:36,2011-12-05 14:28:42,Bathroom_Usage
2011-12-05 14:28:42,2011-12-05 14:38:07,Idle
2011-12-05 14:38:07,2011-12-05 14:55:06,Outside
2011-12-05 14:55:06,2011-12-05 14:57:51,Idle
2011-12-05 14:57:51,2011-12-05 15:40:59,Kitchen_Usage
2011-12-05 15:40:59,2011-12-05 15:42:25,Idle
2011-12-05 15:42:25,2011-12-05 15:44:16,Bathroom_Usage
2011-12-05 15:44:56,2011-12-05 16:02:10,Relax
2011-12-05 16:02:10,2011-12-05 16:06:32,Idle
2011-12-05 16:06:32,2011-12-05 16:36:32,Bathroom_Usage
2011-12-05 16:37:15,2011-12-05 17:14:32,Relax
2011-12-05 17:14:32,2011-12-05 17:17:07,Idle
2011-12-05 17:17:07,2011-12-05 18:57:16,Outside
2011-12-05 18:57:16,2011-12-05 19:01:42,Idle
2011-12-05 19:01:42,2011-12-05 19:24:02,Relax
2011-12-05 19:24:11,2011-12-05 19:24:16,Meal_Preparation
2011-12-05 19:24:22,2011-12-05 20:07:19,Relax
2011-12-05 20:07:32,2011-12-05 20:08:52,Bathroom_Usage
2011-12-05 20:09:00,2011-12-05 21:06:25,Relax
2011-12-05 21:06:35,2011-12-05 21:07:00,Bathroom_Usage
2011-12-05 21:07:14,2011-12-06 00:38:24,Relax
2011-12-06 00:39:01,2011-12-06 00:40:41,Bathroom_Usage
2011-12-06 00:40:41,2011-12-06 00:42:37,Idle
2011-12-06 00:42:37,2011-12-06 10:07:20,Sleeping
2011-12-06 10:07:20,2011-12-06 11:08:00,Idle
2011-12-06 11:08:00,2011-12-06 11:25:57,Bathroom_Usage
2011-12-06 11:25:57,2011-12-06 11:30:19,Idle
2011-12-06 11:30:19,2011-12-06 11:35:26,Meal_Preparation
2011-12-06 11:35:26,2011-12-06 11:39:34,Idle
2011-12-06 11:39:34,2011-12-06 14:37:50,Relax
2011-12-06 14:37:50,2011-12-06 14:40:53,Idle
2011-12-06 14:40:53,2011-12-06 15:15:58,Meal_Preparation
2011-12-06 15:15:58,2011-12-06 15:18:35,Idle
2011-12-06 15:18:35,2011-12-06 15:20:32,Bathroom_Usage
2011-12-06 15:20:32,2011-12-06 15:21:46,Idle
2011-12-06 15:21:46,2011-12-06 17:11:04,Relax
2011-12-06 17:11:04,2011-12-06 17:13:04,Idle
2011-12-06 17:13:04,2011-12-06 17:19:04,Bathroom_Usage
2011-12-06 17:19:34,2011-12-06 18:06:26,Relax
2011-12-06 18:07:03,2011-12-06 18:07:15,Bathroom_Usage
2011-12-06 18:07:36,2011-12-06 19:22:33,Relax
2011-12-06 19:22:50,2011-12-06 19:22:55,Meal_Preparation
2011-12-06 19:22:55,2011-12-06 19:25:56,Idle
2011-12-06 19:25:56,2011-12-06 19:26:20,Bathroom_Usage
2011-12-06 19:26:20,2011-12-06 19:40:28,Idle
2011-12-06 19:40:28,2011-12-07 00:07:38,Relax
2011-12-07 00:07:47,2011-12-07 00:07:57,Bathroom_Usage
2011-12-07 00:08:10,2011-12-07 00:54:50,Relax
2011-12-07 00:54:50,2011-12-07 00:57:29,Idle
2011-12-07 00:57:29,2011-12-07 00:57:53,Bathroom_Usage
2011-12-07 00:57:53,2011-12-07 00:59:56,Idle
2011-12-07 00:59:56,2011-12-07 10:45:40,Sleeping
2011-12-07 10:46:15,2011-12-07 10:49:26,Bathroom_Usage
2011-12-07 10:49:26,2011-12-07 10:50:38,Idle
2011-12-07 10:50:38,2011-12-07 11:04:19,Bathroom_Usage
2011-12-07 11:04:19,2011-12-07 11:05:51,Idle
2011-12-07 11:05:51,2011-12-07 11:11:32,Bathroom_Usage
2011-12-07 11:12:17,2011-12-07 11:20:04,Kitchen_Usage
2011-12-07 11:20:04,2011-12-07 11:22:58,Idle
2011-12-07 11:22:58,2011-12-07 13:56:10,Relax
2011-12-07 13:56:10,2011-12-07 14:03:34,Idle
2011-12-07 14:03:34,2011-12-07 14:39:30,Meal_Preparation
2011-12-07 14:39:30,2011-12-07 14:41:59,Idle
2011-12-07 14:41:59,2011-12-07 15:28:03,Relax
2011-12-07 15:28:03,2011-12-07 15:31:23,Idle
2011-12-07 15:31:23,2011-12-07 15:31:46,Bathroom_Usage
2011-12-07 15:32:15,2011-12-07 16:11:28,Relax
2011-12-07 16:11:28,2011-12-07 16:15:26,Idle
2011-12-07 16:15:26,2011-12-07 16:21:09,Bathroom_Usage
2011-12-07 16:21:09,2011-12-07 16:25:45,Idle
2011-12-07 16:25:45,2011-12-07 18:12:36,Outside
2011-12-07 18:12:36,2011-12-07 18:14:56,Idle
2011-12-07 18:14:56,2011-12-07 18:15:03,Bathroom_Usage
2011-12-07 18:15:51,2011-12-07 19:21:46,Relax
2011-12-07 19:21:46,2011-12-07 19:23:55,Idle
2011-12-07 19:23:55,2011-12-07 19:28:46,Kitchen_Usage
2011-12-07 19:28:46,2011-12-07 20:37:50,Idle
2011-12-07 20:37:50,2011-12-07 20:38:18,Kitchen_Usage
2011-12-07 20:39:16,2011-12-07 20:39:44,Bathroom_Usage
2011-12-07 20:40:29,2011-12-07 20:42:35,Relax
2011-12-07 20:42:35,2011-12-07 20:52:23,Idle
2011-12-07 20:52:23,2011-12-07 23:19:30,Relax
2011-12-07 23:19:40,2011-12-07 23:19:56,Bathroom_Usage
2011-12-07 23:20:16,2011-12-08 01:32:32,Relax
2011-12-08 01:32:32,2011-12-08 01:39:41,Idle
2011-12-08 01:39:41,2011-12-08 11:14:29,Sleeping
2011-12-08 11:14:29,2011-12-08 11:17:37,Idle
2011-12-08 11:17:37,2011-12-08 11:18:13,Bathroom_Usage
2011-12-08 11:18:13,2011-12-08 11:19:22,Idle
2011-12-08 11:19:22,2011-12-08 11:24:17,Bathroom_Usage
2011-12-08 11:25:12,2011-12-08 11:34:01,Meal_Preparation
2011-12-08 11:34:01,2011-12-08 11:36:09,Idle
2011-12-08 11:36:09,2011-12-08 13:41:19,Relax
2011-12-08 13:41:19,2011-12-08 14:04:49,Idle
2011-12-08 14:04:49,2011-12-08 14:05:01,Bathroom_Usage
2011-12-08 14:05:01,2011-12-08 14:10:03,Idle
2011-12-08 14:10:03,2011-12-08 16:21:41,Outside
2011-12-08 16:21:41,2011-12-08 16:24:27,Idle
2011-12-08 16:24:27,2011-12-08 22:13:23,Relax
2011-12-08 22:13:35,2011-12-08 22:13:49,Bathroom_Usage
2011-12-08 22:14:14,2011-12-08 23:12:37,Relax
2011-12-08 23:12:37,2011-12-08 23:14:09,Idle
2011-12-08 23:14:09,2011-12-08 23:14:27,Bathroom_Usage
2011-12-08 23:14:35,2011-12-09 01:03:07,Relax
2011-12-09 01:03:07,2011-12-09 01:04:24,Idle
2011-12-09 01:04:24,2011-12-09 01:05:43,Bathroom_Usage
2011-12-09 01:05:43,2011-12-09 01:16:42,Idle
2011-12-09 01:16:42,2011-12-09 10:49:07,Sleeping
2011-12-09 10:49:07,2011-12-09 10:51:56,Idle
2011-12-09 10:51:56,2011-12-09 10:52:50,Bathroom_Usage
2011-12-09 10:52:50,2011-12-09 10:54:58,Idle
2011-12-09 10:54:58,2011-12-09 10:58:21,Bathroom_Usage
2011-12-09 10:58:21,2011-12-09 11:00:13,Idle
2011-12-09 11:00:13,2011-12-09 11:08:15,Kitchen_Usage
2011-12-09 11:08:15,2011-12-09 11:09:35,Idle
2011-12-09 11:09:35,2011-12-09 12:32:57,Relax
2011-12-09 12:33:21,2011-12-09 12:42:15,Bathroom_Usage
2011-12-09 12:42:15,2011-12-09 12:44:16,Idle
2011-12-09 12:44:16,2011-12-09 16:33:56,Outside
2011-12-09 16:33:56,2011-12-09 16:45:53,Idle
2011-12-09 16:45:53,2011-12-09 16:59:52,Relax
2011-12-09 16:59:52,2011-12-09 17:01:37,Idle
2011-12-09 17:01:37,2011-12-09 17:04:57,Bathroom_Usage
2011-12-09 17:04:57,2011-12-09 17:06:38,Idle
2011-12-09 17:06:38,2011-12-09 17:59:19,Relax
2011-12-09 17:59:25,2011-12-09 17:59:27,Bathroom_Usage
2011-12-09 17:59:27,2011-12-09 18:02:18,Idle
2011-12-09 18:02:18,2011-12-09 18:19:03,Relax
2011-12-09 18:19:03,2011-12-09 18:32:02,Idle
2011-12-09 18:32:02,2011-12-09 18:48:36,Outside
2011-12-09 18:48:36,2011-12-09 19:19:54,Idle
2011-12-09 19:19:54,2011-12-09 21:04:31,Relax
2011-12-09 21:04:37,2011-12-09 21:04:50,Bathroom_Usage
2011-12-09 21:04:59,2011-12-10 00:16:21,Relax
2011-12-10 00:16:31,2011-12-10 00:16:49,Bathroom_Usage
2011-12-10 00:17:05,2011-12-10 00:46:13,Relax
2011-12-10 00:46:13,2011-12-10 00:50:47,Idle
2011-12-10 00:50:47,2011-12-10 09:26:17,Sleeping
2011-12-10 09:26:17,2011-12-10 09:28:00,Idle
2011-12-10 09:28:00,2011-12-10 09:35:48,Bathroom_Usage
2011-12-10 09:35:48,2011-12-10 09:37:16,Idle
2011-12-10 09:37:16,2011-12-10 09:46:27,Bathroom_Usage
2011-12-10 09:46:27,2011-12-10 09:47:44,Idle
2011-12-10 09:47:44,2011-12-10 09:52:42,Bathroom_Usage
2011-12-10 09:52:42,2011-12-10 09:55:18,Idle
2011-12-10 09:55:18,2011-12-10 10:02:10,Kitchen_Usage
2011-12-10 10:02:10,2011-12-10 10:03:20,Idle
2011-12-10 10:03:20,2011-12-10 12:34:09,Relax
2011-12-10 12:34:09,2011-12-10 12:52:54,Idle
2011-12-10 12:52:54,2011-12-10 12:53:39,Bathroom_Usage
2011-12-10 12:53:39,2011-12-10 13:04:03,Idle
2011-12-10 13:04:03,2011-12-10 17:07:03,Outside
2011-12-10 17:07:03,2011-12-10 17:11:23,Idle
2011-12-10 17:11:23,2011-12-10 20:16:51,Relax
2011-12-10 20:16:51,2011-12-10 20:21:54,Idle
2011-12-10 20:21:54,2011-12-10 20:23:16,Bathroom_Usage
2011-12-10 20:23:16,2011-12-10 20:25:40,Idle
2011-12-10 20:25:40,2011-12-11 00:56:05,Outside
2011-12-11 00:56:05,2011-12-11 01:01:41,Idle
2011-12-11 01:01:41,2011-12-11 02:26:29,Relax
2011-12-11 02:27:23,2011-12-11 02:28:44,Bathroom_Usage
2011-12-11 02:28:44,2011-12-11 02:31:15,Idle
2011-12-11 02:31:15,2011-12-11 11:57:34,Sleeping
2011-12-11 11:58:17,2011-12-11 12:18:42,Bathroom_Usage
2011-12-11 12:18:42,2011-12-11 12:21:57,Idle
2011-12-11 12:21:57,2011-12-11 12:30:09,Kitchen_Usage
2011-12-11 12:30:09,2011-12-11 12:32:49,Idle
2011-12-11 12:32:49,2011-12-11 14:26:18,Relax
2011-12-11 14:26:18,2011-12-11 14:34:12,Idle
2011-12-11 14:34:12,2011-12-11 15:26:17,Kitchen_Usage
2011-12-11 15:26:17,2011-12-11 15:28:59,Idle
2011-12-11 15:28:59,2011-12-11 15:30:14,Bathroom_Usage
2011-12-11 15:30:14,2011-12-11 15:41:34,Idle
2011-12-11 15:41:34,2011-12-11 15:43:30,Bathroom_Usage
2011-12-11 15:43:51,2011-12-11 21:41:48,Relax
2011-12-11 21:42:00,2011-12-11 07:21:34,Sleeping
2011-12-12 07:22:51,2011-12-12 10:31:50,Relax
2011-12-12 10:31:50,2011-12-12 10:32:51,Idle
2011-12-12 10:32:51,2011-12-12 10:52:50,Relax
2011-12-12 10:52:50,2011-12-12 10:56:51,Idle
2011-12-12 10:56:51,2011-12-12 10:58:50,Bathroom_Usage
2011-12-12 10:58:51,2011-12-12 12:00:50,Relax
2011-12-12 12:00:51,2011-12-12 12:02:50,Bathroom_Usage
2011-12-12 12:02:51,2011-12-12 19:40:50,Sleeping
2011-12-12 19:40:50,2011-12-12 19:45:51,Idle
2011-12-12 19:45:51,2011-12-12 19:47:50,Bathroom_Usage
2011-12-12 19:47:50,2011-12-12 19:50:51,Idle
2011-12-12 19:50:51,2011-12-12 20:01:50,Meal_Preparation
2011-12-12 20:01:50,2011-12-12 20:04:51,Idle
2011-12-12 20:04:51,2011-12-12 20:24:50,Relax
2011-12-12 20:24:50,2011-12-12 20:26:51,Idle
2011-12-12 20:26:51,2011-12-12 20:38:50,Bathroom_Usage
2011-12-12 20:38:50,2011-12-12 20:41:51,Idle
2011-12-12 20:41:51,2011-12-12 20:49:50,Bathroom_Usage
2011-12-12 20:49:50,2011-12-12 20:50:51,Idle
2011-12-12 20:50:51,2011-12-12 20:51:50,Bathroom_Usage
2011-12-12 20:51:50,2011-12-12 20:55:51,Idle
2011-12-12 20:55:51,2011-12-12 21:13:50,Relax
2011-12-12 21:13:51,2011-12-12 21:29:50,Kitchen_Usage
2011-12-12 21:29:50,2011-12-12 21:45:51,Idle
2011-12-12 21:45:51,2011-12-12 21:56:50,Kitchen_Usage
2011-12-12 21:56:50,2011-12-12 22:49:51,Idle
2011-12-12 22:49:51,2011-12-12 22:51:50,Bathroom_Usage
2011-12-12 22:51:50,2011-12-12 23:01:49,Idle
2011-12-12 23:01:49,2011-12-12 23:04:50,Bathroom_Usage
2011-12-12 23:04:50,2011-12-12 23:08:51,Idle
2011-12-12 23:08:51,2011-12-12 23:16:50,Bathroom_Usage
2011-12-12 23:16:50,2011-12-12 23:20:51,Idle
2011-12-12 23:20:51,2011-12-12 23:27:50,Bathroom_Usage
2011-12-12 23:27:51,2011-12-12 23:41:50,Relax
2011-12-12 23:41:50,2011-12-12 23:55:51,Idle
2011-12-12 23:55:51,2011-12-13 01:02:50,Kitchen_Usage
2011-12-13 01:02:51,2011-12-13 01:31:50,Relax
2011-12-13 01:31:51,2011-12-13 01:40:44,Kitchen_Usage
2011-12-13 01:40:44,2011-12-13 01:46:51,Idle
2011-12-13 01:46:51,2011-12-13 01:49:50,Bathroom_Usage
2011-12-13 01:49:50,2011-12-13 01:50:51,Idle
2011-12-13 01:50:51,2011-12-13 02:20:50,Relax
2011-12-13 02:20:50,2011-12-13 02:30:51,Idle
2011-12-13 02:30:51,2011-12-13 03:17:50,Outside
2011-12-13 03:17:50,2011-12-13 03:18:51,Idle
2011-12-13 03:18:51,2011-12-13 03:38:50,Relax
2011-12-13 03:38:50,2011-12-13 03:51:51,Idle
2011-12-13 03:51:51,2011-12-13 03:53:50,Bathroom_Usage
2011-12-13 03:53:51,2011-12-13 04:55:50,Relax
2011-12-13 04:55:51,2011-12-13 05:05:50,Meal_Preparation
2011-12-13 05:05:50,2011-12-13 05:10:51,Idle
2011-12-13 05:10:51,2011-12-13 07:06:50,Relax
2011-12-13 07:06:50,2011-12-13 07:14:51,Idle
2011-12-13 07:14:51,2011-12-13 07:20:50,Relax
2011-12-13 07:20:50,2011-12-13 07:22:51,Idle
2011-12-13 07:22:51,2011-12-13 07:24:50,Bathroom_Usage
2011-12-13 07:24:50,2011-12-13 08:43:51,Idle
2011-12-13 08:43:51,2011-12-13 08:46:50,Meal_Preparation
2011-12-13 08:46:50,2011-12-13 09:01:51,Idle
2011-12-13 09:01:51,2011-12-13 09:02:50,Bathroom_Usage
2011-12-13 09:02:51,2011-12-13 09:43:50,Relax
2011-12-13 09:43:50,2011-12-13 09:44:51,Idle
2011-12-13 09:44:51,2011-12-13 09:46:50,Bathroom_Usage
2011-12-13 09:46:50,2011-12-13 09:54:51,Idle
2011-12-13 09:54:51,2011-12-13 11:35:51,Relax
2011-12-13 11:35:51,2011-12-13 11:37:51,Idle
2011-12-13 11:37:51,2011-12-13 11:38:50,Bathroom_Usage
2011-12-13 11:38:51,2011-12-13 19:01:50,Sleeping
2011-12-13 19:01:50,2011-12-13 19:04:51,Idle
2011-12-13 19:04:51,2011-12-13 19:13:50,Kitchen_Usage
2011-12-13 19:13:50,2011-12-13 19:19:51,Idle
2011-12-13 19:19:51,2011-12-13 19:20:50,Bathroom_Usage
2011-12-13 19:20:50,2011-12-13 19:22:51,Idle
2011-12-13 19:22:51,2011-12-13 19:24:50,Bathroom_Usage
2011-12-13 19:24:50,2011-12-13 19:29:51,Idle
2011-12-13 19:29:51,2011-12-13 19:45:50,Bathroom_Usage
2011-12-13 19:45:50,2011-12-13 20:01:51,Idle
2011-12-13 20:01:51,2011-12-13 20:20:50,Outside
2011-12-13 20:20:50,2011-12-13 20:22:51,Idle
2011-12-13 20:22:51,2011-12-13 20:58:50,Meal_Preparation
2011-12-13 20:58:50,2011-12-13 21:00:51,Idle
2011-12-13 21:00:51,2011-12-13 23:50:50,Outside
2011-12-13 23:50:50,2011-12-13 23:55:51,Idle
2011-12-13 23:55:51,2011-12-14 00:08:50,Kitchen_Usage
2011-12-14 00:08:50,2011-12-14 00:13:51,Idle
2011-12-14 00:13:51,2011-12-14 00:15:50,Bathroom_Usage
2011-12-14 00:15:50,2011-12-14 00:16:51,Idle
2011-12-14 00:16:51,2011-12-14 00:51:50,Kitchen_Usage
2011-12-14 00:51:51,2011-12-14 02:00:50,Relax
2011-12-14 02:00:50,2011-12-14 02:15:51,Idle
2011-12-14 02:15:51,2011-12-14 02:16:50,Bathroom_Usage
2011-12-14 02:16:51,2011-12-14 02:42:50,Relax
2011-12-14 02:42:50,2011-12-14 02:43:51,Idle
2011-12-14 02:43:51,2011-12-14 03:40:50,Relax
2011-12-14 03:40:50,2011-12-14 03:42:51,Idle
2011-12-14 03:42:51,2011-12-14 03:45:50,Meal_Preparation
2011-12-14 03:45:51,2011-12-14 04:57:50,Relax
2011-12-14 04:57:50,2011-12-14 04:59:51,Idle
2011-12-14 04:59:51,2011-12-14 05:22:50,Kitchen_Usage
2011-12-14 05:22:50,2011-12-14 05:54:51,Idle
2011-12-14 05:54:51,2011-12-14 05:56:50,Bathroom_Usage
2011-12-14 05:56:50,2011-12-14 06:00:51,Idle
2011-12-14 06:00:51,2011-12-14 09:25:50,Relax
2011-12-14 09:25:51,2011-12-14 09:31:50,Meal_Preparation
2011-12-14 09:31:50,2011-12-14 09:47:51,Idle
2011-12-14 09:47:51,2011-12-14 09:49:50,Bathroom_Usage
2011-12-14 09:49:50,2011-12-14 09:53:51,Idle
2011-12-14 09:53:51,2011-12-14 10:30:50,Relax
2011-12-14 10:30:50,2011-12-14 10:35:51,Idle
2011-12-14 10:35:51,2011-12-14 10:38:50,Bathroom_Usage
2011-12-14 10:37:51,2011-12-14 15:21:50,Sleeping
2011-12-14 15:21:50,2011-12-14 15:23:51,Idle
2011-12-14 15:23:51,2011-12-14 15:24:50,Bathroom_Usage
2011-12-14 15:24:51,2011-12-14 19:10:50,Sleeping
2011-12-14 19:10:50,2011-12-14 19:12:51,Idle
2011-12-14 19:12:51,2011-12-14 19:14:50,Bathroom_Usage
2011-12-14 19:14:51,2011-12-14 19:26:50,Kitchen_Usage
2011-12-14 19:26:50,2011-12-14 19:30:51,Idle
2011-12-14 19:30:51,2011-12-14 20:46:50,Relax
2011-12-14 20:46:51,2011-12-14 21:10:50,Meal_Preparation
2011-12-14 21:10:50,2011-12-14 21:15:51,Idle
2011-12-14 21:15:51,2011-12-14 21:44:50,Relax
2011-12-14 21:44:50,2011-12-14 21:55:51,Idle
2011-12-14 21:55:51,2011-12-14 22:01:50,Bathroom_Usage
2011-12-14 22:01:50,2011-12-14 22:04:51,Idle
2011-12-14 22:04:51,2011-12-14 22:07:50,Bathroom_Usage
2011-12-14 22:07:50,2011-12-14 22:08:51,Idle
2011-12-14 22:08:51,2011-12-14 22:17:50,Bathroom_Usage
2011-12-14 22:17:50,2011-12-14 22:29:51,Idle
2011-12-14 22:29:51,2011-12-14 22:31:50,Bathroom_Usage
2011-12-14 22:31:50,2011-12-14 22:37:51,Idle
2011-12-14 22:37:51,2011-12-14 23:01:50,Relax
2011-12-14 23:00:51,2011-12-14 23:03:50,Outside
2011-12-14 23:03:50,2011-12-14 23:05:51,Idle
2011-12-14 23:05:51,2011-12-15 00:31:50,Outside
2011-12-15 00:31:51,2011-12-15 00:33:50,Bathroom_Usage
2011-12-15 00:33:50,2011-12-15 00:37:51,Idle
2011-12-15 00:37:51,2011-12-15 01:58:50,Outside
2011-12-15 01:58:50,2011-12-15 02:06:51,Idle
2011-12-15 02:06:51,2011-12-15 05:57:50,Relax
2011-12-15 05:57:50,2011-12-15 06:19:51,Idle
2011-12-15 06:19:51,2011-12-15 07:46:50,Relax
2011-12-15 07:45:51,2011-12-15 07:56:50,Meal_Preparation
2011-12-15 07:56:51,2011-12-15 08:23:50,Relax
2011-12-15 08:22:51,2011-12-15 08:26:50,Kitchen_Usage
2011-12-15 08:26:51,2011-12-15 09:15:50,Relax
2011-12-15 09:15:50,2011-12-15 09:20:51,Idle
2011-12-15 09:20:51,2011-12-15 10:15:50,Relax
2011-12-15 10:15:51,2011-12-15 10:16:50,Bathroom_Usage
2011-12-15 10:16:50,2011-12-15 10:17:51,Idle
2011-12-15 10:17:51,2011-12-15 10:19:50,Bathroom_Usage
2011-12-15 10:18:51,2011-12-15 10:52:50,Sleeping
2011-12-15 10:51:51,2011-12-15 12:03:50,Relax
2011-12-15 12:03:51,2011-12-15 17:55:50,Sleeping
2011-12-15 17:55:50,2011-12-15 18:00:51,Idle
2011-12-15 18:00:51,2011-12-15 18:01:50,Bathroom_Usage
2011-12-15 18:01:51,2011-12-15 19:43:50,Sleeping
2011-12-15 19:43:50,2011-12-15 19:45:51,Idle
2011-12-15 19:45:51,2011-12-15 19:56:50,Kitchen_Usage
2011-12-15 19:56:50,2011-12-15 19:59:51,Idle
2011-12-15 19:59:51,2011-12-15 20:05:50,Bathroom_Usage
2011-12-15 20:05:50,2011-12-15 20:08:51,Idle
2011-12-15 20:08:51,2011-12-15 20:16:50,Bathroom_Usage
2011-12-15 20:16:50,2011-12-15 20:19:59,Idle
2011-12-15 20:19:59,2011-12-15 20:25:15,Kitchen_Usage
2011-12-15 20:25:15,2011-12-15 20:34:51,Idle
2011-12-15 20:34:51,2011-12-15 21:28:50,Relax
2011-12-15 21:28:50,2011-12-15 21:50:51,Idle
2011-12-15 21:50:51,2011-12-15 23:11:50,Outside
2011-12-15 23:11:50,2011-12-15 23:17:51,Idle
2011-12-15 23:17:51,2011-12-16 00:29:50,Relax
2011-12-16 00:29:50,2011-12-16 00:49:51,Idle
2011-12-16 00:49:51,2011-12-16 01:52:50,Meal_Preparation
2011-12-16 01:52:50,2011-12-16 01:56:51,Idle
2011-12-16 01:56:51,2011-12-16 01:58:50,Bathroom_Usage
2011-12-16 01:58:50,2011-12-16 02:02:51,Idle
2011-12-16 02:02:51,2011-12-16 06:19:50,Outside
2011-12-16 06:19:50,2011-12-16 08:15:51,Idle
2011-12-16 08:15:51,2011-12-16 08:31:50,Meal_Preparation
2011-12-16 08:31:50,2011-12-16 08:34:51,Idle
2011-12-16 08:34:51,2011-12-16 08:39:50,Kitchen_Usage
2011-12-16 08:39:51,2011-12-16 10:57:50,Relax
2011-12-16 10:57:50,2011-12-16 10:59:51,Idle
2011-12-16 10:59:51,2011-12-16 11:04:50,Bathroom_Usage
2011-12-16 11:04:50,2011-12-16 11:06:51,Idle
2011-12-16 11:06:51,2011-12-16 20:46:50,Sleeping
2011-12-16 20:46:50,2011-12-16 20:47:51,Idle
2011-12-16 20:47:51,2011-12-16 21:01:50,Kitchen_Usage
2011-12-16 21:01:50,2011-12-16 21:11:51,Idle
2011-12-16 21:11:51,2011-12-16 21:15:50,Bathroom_Usage
2011-12-16 21:15:50,2011-12-16 21:17:51,Idle
2011-12-16 21:17:51,2011-12-16 21:26:50,Bathroom_Usage
2011-12-16 21:26:50,2011-12-16 21:48:51,Idle
2011-12-16 21:48:51,2011-12-16 21:56:50,Bathroom_Usage
2011-12-16 21:56:50,2011-12-16 22:17:51,Idle
2011-12-16 22:17:51,2011-12-16 22:18:50,Kitchen_Usage
2011-12-16 22:18:51,2011-12-16 23:02:50,Outside
2011-12-16 23:02:50,2011-12-16 23:04:51,Idle
2011-12-16 23:04:51,2011-12-17 00:01:50,Relax
2011-12-17 00:01:50,2011-12-17 00:27:51,Idle
2011-12-17 00:27:51,2011-12-17 01:04:50,Meal_Preparation
2011-12-17 01:04:50,2011-12-17 01:13:51,Idle
2011-12-17 01:13:51,2011-12-17 01:15:50,Bathroom_Usage
2011-12-17 01:15:50,2011-12-17 01:25:51,Idle
2011-12-17 01:25:51,2011-12-17 04:13:50,Outside
2011-12-17 04:13:50,2011-12-17 04:17:51,Idle
2011-12-17 04:17:51,2011-12-17 04:19:50,Bathroom_Usage
2011-12-17 04:19:51,2011-12-17 04:24:50,Meal_Preparation
2011-12-17 04:24:51,2011-12-17 07:47:50,Relax
2011-12-17 07:47:50,2011-12-17 08:18:51,Idle
2011-12-17 08:18:51,2011-12-17 08:19:50,Bathroom_Usage
2011-12-17 08:19:50,2011-12-17 08:26:51,Idle
2011-12-17 08:26:51,2011-12-17 12:28:50,Outside
2011-12-17 12:28:50,2011-12-17 12:34:51,Idle
2011-12-17 12:34:51,2011-12-17 12:38:50,Bathroom_Usage
2011-12-17 12:38:50,2011-12-17 12:39:51,Idle
2011-12-17 12:39:51,2011-12-17 12:42:50,Bathroom_Usage
2011-12-17 12:42:51,2011-12-17 19:55:50,Sleeping
2011-12-17 19:55:50,2011-12-17 20:00:51,Idle
2011-12-17 20:00:51,2011-12-17 20:02:50,Bathroom_Usage
2011-12-17 20:02:50,2011-12-17 20:05:51,Idle
2011-12-17 20:05:51,2011-12-17 20:12:50,Kitchen_Usage
2011-12-17 20:12:50,2011-12-17 20:26:51,Idle
2011-12-17 20:26:51,2011-12-17 20:43:50,Bathroom_Usage
2011-12-17 20:43:50,2011-12-17 20:46:51,Idle
2011-12-17 20:46:51,2011-12-17 20:51:50,Bathroom_Usage
2011-12-17 20:51:50,2011-12-17 20:55:51,Idle
2011-12-17 20:55:51,2011-12-17 22:23:50,Outside
2011-12-17 22:23:50,2011-12-17 22:43:51,Idle
2011-12-17 22:43:51,2011-12-17 22:52:50,Bathroom_Usage
2011-12-17 22:52:50,2011-12-17 22:53:51,Idle
2011-12-17 22:53:51,2011-12-18 00:40:50,Relax
2011-12-18 00:40:50,2011-12-18 00:50:51,Idle
2011-12-18 00:50:51,2011-12-18 02:33:50,Outside
2011-12-18 02:33:50,2011-12-18 02:38:51,Idle
2011-12-18 02:38:51,2011-12-18 02:40:50,Bathroom_Usage
2011-12-18 02:40:51,2011-12-18 03:37:50,Relax
2011-12-18 03:37:50,2011-12-18 03:47:51,Idle
2011-12-18 03:47:51,2011-12-18 06:35:50,Relax
2011-12-18 06:34:51,2011-12-18 06:40:50,Meal_Preparation
2011-12-18 06:40:50,2011-12-18 06:52:51,Idle
2011-12-18 06:52:51,2011-12-18 06:55:50,Bathroom_Usage
2011-12-18 06:55:50,2011-12-18 07:02:51,Idle
2011-12-18 07:02:51,2011-12-18 07:04:50,Bathroom_Usage
2011-12-18 07:04:50,2011-12-18 07:27:51,Idle
2011-12-18 07:27:51,2011-12-18 10:40:50,Outside
2011-12-18 10:40:50,2011-12-18 10:47:51,Idle
2011-12-18 10:47:51,2011-12-18 11:43:50,Relax
2011-12-18 11:43:50,2011-12-18 11:47:51,Idle
2011-12-18 11:47:51,2011-12-18 19:06:50,Sleeping
2011-12-18 19:06:50,2011-12-18 19:13:51,Idle
2011-12-18 19:13:51,2011-12-18 19:15:50,Bathroom_Usage
2011-12-18 19:15:51,2011-12-18 19:23:50,Meal_Preparation
2011-12-18 19:23:50,2011-12-18 19:30:51,Idle
2011-12-18 19:30:51,2011-12-18 19:53:50,Bathroom_Usage
2011-12-18 19:53:50,2011-12-18 20:07:51,Idle
2011-12-18 20:07:51,2011-12-18 20:15:50,Outside
2011-12-18 20:15:50,2011-12-18 20:44:51,Idle
2011-12-18 20:44:51,2011-12-18 20:58:50,Relax
2011-12-18 20:58:50,2011-12-18 21:01:51,Idle
2011-12-18 21:01:51,2011-12-19 00:43:50,Outside
2011-12-19 00:43:50,2011-12-19 00:58:51,Idle
2011-12-19 00:58:51,2011-12-19 01:06:50,Kitchen_Usage
2011-12-19 01:06:50,2011-12-19 03:22:51,Idle
2011-12-19 03:22:51,2011-12-19 03:29:50,Meal_Preparation
2011-12-19 03:29:50,2011-12-19 03:33:51,Idle
2011-12-19 03:33:51,2011-12-19 03:39:50,Bathroom_Usage
2011-12-19 03:39:50,2011-12-19 03:52:51,Idle
2011-12-19 03:52:51,2011-12-19 03:53:50,Bathroom_Usage
2011-12-19 03:53:51,2011-12-19 05:49:50,Relax
2011-12-19 05:49:50,2011-12-19 06:01:51,Idle
2011-12-19 06:01:51,2011-12-19 08:32:50,Outside
2011-12-19 08:32:51,2011-12-19 08:35:50,Kitchen_Usage
2011-12-19 08:35:50,2011-12-19 08:38:51,Idle
2011-12-19 08:38:51,2011-12-19 08:51:50,Bathroom_Usage
2011-12-19 08:51:51,2011-12-19 09:08:50,Relax
2011-12-19 09:08:51,2011-12-19 09:11:50,Meal_Preparation
2011-12-19 09:11:51,2011-12-19 09:12:50,Bathroom_Usage
2011-12-19 09:12:50,2011-12-19 09:13:51,Idle
2011-12-19 09:13:51,2011-12-19 10:17:50,Relax
2011-12-19 10:17:50,2011-12-19 10:20:51,Idle
2011-12-19 10:20:51,2011-12-19 10:21:50,Bathroom_Usage
2011-12-19 10:21:51,2011-12-19 20:18:50,Sleeping
2011-12-19 20:18:50,2011-12-19 20:19:51,Idle
2011-12-19 20:19:51,2011-12-19 20:21:50,Bathroom_Usage
2011-12-19 20:21:51,2011-12-19 20:34:50,Kitchen_Usage
2011-12-19 20:34:50,2011-12-19 20:42:51,Idle
2011-12-19 20:42:51,2011-12-19 21:36:50,Relax
2011-12-19 21:36:50,2011-12-19 21:59:51,Idle
2011-12-19 21:59:51,2011-12-19 22:10:50,Bathroom_Usage
2011-12-19 22:10:50,2011-12-19 22:12:51,Idle
2011-12-19 22:12:51,2011-12-19 22:20:50,Bathroom_Usage
2011-12-19 22:20:50,2011-12-19 22:22:51,Idle
2011-12-19 22:22:51,2011-12-19 22:24:50,Bathroom_Usage
2011-12-19 22:24:50,2011-12-19 22:25:51,Idle
2011-12-19 22:25:51,2011-12-19 22:27:50,Bathroom_Usage
2011-12-19 22:27:50,2011-12-19 22:37:51,Idle
2011-12-19 22:37:51,2011-12-19 22:42:50,Bathroom_Usage
2011-12-19 22:42:50,2011-12-19 22:49:51,Idle
2011-12-19 22:49:51,2011-12-20 00:35:50,Relax
2011-12-20 00:35:51,2011-12-20 00:36:50,Bathroom_Usage
2011-12-20 00:36:50,2011-12-20 00:37:51,Idle
2011-12-20 00:37:51,2011-12-20 00:39:50,Bathroom_Usage
2011-12-20 00:39:51,2011-12-20 02:01:50,Outside
2011-12-20 02:01:50,2011-12-20 02:02:51,Idle
2011-12-20 02:02:51,2011-12-20 02:03:50,Bathroom_Usage
2011-12-20 02:03:51,2011-12-20 02:16:50,Meal_Preparation
2011-12-20 02:16:51,2011-12-20 05:53:50,Relax
2011-12-20 05:53:50,2011-12-20 06:04:51,Idle
2011-12-20 06:04:51,2011-12-20 08:08:50,Relax
2011-12-20 08:07:51,2011-12-20 08:13:50,Kitchen_Usage
2011-12-20 08:13:50,2011-12-20 08:33:51,Idle
2011-12-20 08:33:51,2011-12-20 08:38:50,Bathroom_Usage
2011-12-20 08:38:50,2011-12-20 08:39:51,Idle
2011-12-20 08:39:51,2011-12-20 08:41:50,Meal_Preparation
2011-12-20 08:40:51,2011-12-20 11:31:50,Relax
2011-12-20 11:31:51,2011-12-20 11:33:50,Bathroom_Usage
2011-12-20 11:33:51,2011-12-20 20:07:50,Sleeping
2011-12-20 20:07:50,2011-12-20 20:27:51,Idle
2011-12-20 20:27:51,2011-12-20 20:29:50,Bathroom_Usage
2011-12-20 20:29:51,2011-12-20 20:39:50,Kitchen_Usage
2011-12-20 20:39:50,2011-12-20 20:48:51,Idle
2011-12-20 20:48:51,2011-12-20 21:07:50,Bathroom_Usage
2011-12-20 21:07:50,2011-12-20 21:08:51,Idle
2011-12-20 21:08:51,2011-12-20 21:23:50,Kitchen_Usage
2011-12-20 21:23:51,2011-12-20 23:04:50,Relax
2011-12-20 23:04:50,2011-12-20 23:09:51,Idle
2011-12-20 23:09:51,2011-12-20 23:11:50,Bathroom_Usage
2011-12-20 23:11:51,2011-12-20 23:18:50,Meal_Preparation
2011-12-20 23:18:50,2011-12-20 23:41:51,Idle
2011-12-20 23:41:51,2011-12-21 00:33:50,Relax
2011-12-21 00:33:51,2011-12-21 01:05:50,Meal_Preparation
2011-12-21 01:05:50,2011-12-21 01:20:51,Idle
2011-12-21 01:20:51,2011-12-21 01:52:50,Relax
2011-12-21 01:52:50,2011-12-21 02:02:51,Idle
2011-12-21 02:02:51,2011-12-21 02:04:50,Bathroom_Usage
2011-12-21 02:04:50,2011-12-21 02:07:51,Idle
2011-12-21 02:07:51,2011-12-21 06:40:50,Outside
2011-12-21 06:40:50,2011-12-21 06:42:51,Idle
2011-12-21 06:42:51,2011-12-21 08:00:50,Relax
2011-12-21 08:00:50,2011-12-21 08:05:51,Idle
2011-12-21 08:05:51,2011-12-21 10:11:50,Relax
2011-12-21 10:11:51,2011-12-21 10:13:50,Bathroom_Usage
2011-12-21 10:13:50,2011-12-21 10:16:51,Idle
2011-12-21 10:16:51,2011-12-21 10:18:50,Bathroom_Usage
2011-12-21 10:18:50,2011-12-21 10:20:51,Idle
2011-12-21 10:20:51,2011-12-21 20:02:50,Sleeping
2011-12-21 20:02:50,2011-12-21 20:07:51,Idle
2011-12-21 20:07:51,2011-12-21 20:09:50,Bathroom_Usage
2011-12-21 20:09:51,2011-12-21 20:15:50,Meal_Preparation
2011-12-21 20:15:51,2011-12-21 21:41:50,Relax
2011-12-21 21:41:50,2011-12-21 21:45:51,Idle
2011-12-21 21:45:51,2011-12-21 21:53:50,Bathroom_Usage
2011-12-21 21:53:50,2011-12-21 21:56:51,Idle
2011-12-21 21:56:51,2011-12-21 22:01:50,Bathroom_Usage
2011-12-21 22:01:50,2011-12-21 22:09:51,Idle
2011-12-21 22:09:51,2011-12-21 22:35:50,Outside
2011-12-21 22:35:50,2011-12-21 22:53:51,Idle
2011-12-21 22:53:51,2011-12-21 23:36:50,Relax
2011-12-21 23:36:50,2011-12-22 00:18:51,Idle
2011-12-22 00:18:51,2011-12-22 01:10:50,Relax
2011-12-22 01:10:51,2011-12-22 01:40:50,Kitchen_Usage
2011-12-22 01:40:51,2011-12-22 02:02:50,Relax
2011-12-22 02:02:50,2011-12-22 02:05:51,Idle
2011-12-22 02:05:51,2011-12-22 03:58:50,Relax
2011-12-22 03:58:51,2011-12-22 04:04:50,Kitchen_Usage
2011-12-22 04:04:51,2011-12-22 07:10:50,Relax
2011-12-22 07:10:50,2011-12-22 07:16:51,Idle
2011-12-22 07:16:51,2011-12-22 07:18:50,Bathroom_Usage
2011-12-22 07:18:50,2011-12-22 07:26:51,Idle
2011-12-22 07:26:51,2011-12-22 11:49:50,Outside
2011-12-22 11:48:51,2011-12-22 11:51:50,Meal_Preparation
2011-12-22 11:51:50,2011-12-22 11:55:51,Idle
2011-12-22 11:55:51,2011-12-22 11:56:50,Bathroom_Usage
2011-12-22 11:56:50,2011-12-22 12:03:51,Idle
2011-12-22 12:03:51,2011-12-22 20:20:50,Sleeping
2011-12-22 20:20:50,2011-12-22 20:24:51,Idle
2011-12-22 20:24:51,2011-12-22 20:26:50,Bathroom_Usage
2011-12-22 20:26:50,2011-12-22 20:27:51,Idle
2011-12-22 20:27:51,2011-12-22 20:51:50,Meal_Preparation
2011-12-22 20:51:50,2011-12-22 21:10:51,Idle
2011-12-22 21:10:51,2011-12-22 21:19:50,Kitchen_Usage
2011-12-22 21:19:51,2011-12-22 22:04:50,Relax
2011-12-22 22:04:51,2011-12-22 22:18:50,Kitchen_Usage
2011-12-22 22:18:50,2011-12-22 22:28:51,Idle
2011-12-22 22:28:51,2011-12-22 22:40:50,Bathroom_Usage
2011-12-22 22:40:50,2011-12-22 22:46:51,Idle
2011-12-22 22:46:51,2011-12-23 01:05:50,Relax
2011-12-23 01:05:50,2011-12-23 01:12:51,Idle
2011-12-23 01:12:51,2011-12-23 01:13:50,Bathroom_Usage
2011-12-23 01:13:51,2011-12-23 01:36:50,Meal_Preparation
2011-12-23 01:35:51,2011-12-23 02:51:50,Relax
2011-12-23 02:51:51,2011-12-23 03:01:50,Meal_Preparation
2011-12-23 03:01:51,2011-12-23 04:24:50,Relax
2011-12-23 04:23:51,2011-12-23 04:27:50,Kitchen_Usage
2011-12-23 04:27:51,2011-12-23 06:32:50,Relax
2011-12-23 06:32:50,2011-12-23 07:09:51,Idle
2011-12-23 07:09:51,2011-12-23 07:11:50,Bathroom_Usage
2011-12-23 07:11:50,2011-12-23 07:13:51,Idle
2011-12-23 07:13:51,2011-12-23 07:14:50,Bathroom_Usage
2011-12-23 07:14:51,2011-12-23 10:43:50,Outside
2011-12-23 10:43:50,2011-12-23 10:44:51,Idle
2011-12-23 10:44:51,2011-12-23 10:47:50,Kitchen_Usage
2011-12-23 10:47:50,2011-12-23 10:52:51,Idle
2011-12-23 10:52:51,2011-12-23 10:55:50,Bathroom_Usage
2011-12-23 10:55:50,2011-12-23 10:56:51,Idle
2011-12-23 10:56:51,2011-12-23 11:41:50,Relax
2011-12-23 11:41:51,2011-12-23 11:42:50,Bathroom_Usage
2011-12-23 11:42:51,2011-12-23 19:49:50,Sleeping
2011-12-23 19:49:50,2011-12-23 19:52:51,Idle
2011-12-23 19:52:51,2011-12-23 19:54:50,Bathroom_Usage
2011-12-23 19:54:50,2011-12-23 19:57:51,Idle
2011-12-23 19:57:51,2011-12-23 20:08:50,Meal_Preparation
2011-12-23 20:08:50,2011-12-23 20:40:51,Idle
2011-12-23 20:40:51,2011-12-23 20:47:50,Bathroom_Usage
2011-12-23 20:47:50,2011-12-23 20:51:51,Idle
2011-12-23 20:51:51,2011-12-23 21:01:50,Bathroom_Usage
2011-12-23 21:01:50,2011-12-23 21:04:51,Idle
2011-12-23 21:04:51,2011-12-23 22:44:50,Sleeping
2011-12-23 22:44:50,2011-12-23 23:01:51,Idle
2011-12-23 23:01:51,2011-12-23 23:05:50,Kitchen_Usage
2011-12-23 23:05:50,2011-12-23 23:11:51,Idle
2011-12-23 23:11:51,2011-12-23 23:12:50,Bathroom_Usage
2011-12-23 23:12:50,2011-12-23 23:13:51,Idle
2011-12-23 23:13:51,2011-12-24 00:32:50,Relax
2011-12-24 00:31:51,2011-12-24 00:47:50,Meal_Preparation
2011-12-24 00:47:50,2011-12-24 00:48:51,Idle
2011-12-24 00:48:51,2011-12-24 00:50:50,Bathroom_Usage
2011-12-24 00:50:50,2011-12-24 01:00:51,Idle
2011-12-24 01:00:51,2011-12-24 02:58:50,Relax
2011-12-24 02:58:50,2011-12-24 03:03:51,Idle
2011-12-24 03:03:51,2011-12-24 03:05:50,Bathroom_Usage
2011-12-24 03:05:51,2011-12-24 03:19:50,Meal_Preparation
2011-12-24 03:19:51,2011-12-24 04:06:50,Relax
2011-12-24 04:06:51,2011-12-24 04:09:50,Kitchen_Usage
2011-12-24 04:09:50,2011-12-24 04:15:51,Idle
2011-12-24 04:15:51,2011-12-24 05:59:50,Relax
2011-12-24 05:59:50,2011-12-24 06:01:51,Idle
2011-12-24 06:01:51,2011-12-24 08:12:50,Outside
2011-12-24 08:12:50,2011-12-24 08:15:51,Idle
2011-12-24 08:15:51,2011-12-24 08:17:50,Bathroom_Usage
2011-12-24 08:17:50,2011-12-24 08:25:51,Idle
2011-12-24 08:25:51,2011-12-24 10:36:50,Relax
2011-12-24 10:35:51,2011-12-24 10:41:50,Bathroom_Usage
2011-12-24 10:41:51,2011-12-24 20:11:50,Sleeping
2011-12-24 20:11:50,2011-12-24 20:12:51,Idle
2011-12-24 20:12:51,2011-12-24 20:21:50,Kitchen_Usage
2011-12-24 20:21:50,2011-12-24 20:25:51,Idle
2011-12-24 20:25:51,2011-12-24 20:27:50,Bathroom_Usage
2011-12-24 20:27:51,2011-12-24 21:22:50,Relax
2011-12-24 21:22:50,2011-12-24 21:24:51,Idle
2011-12-24 21:24:51,2011-12-24 21:28:50,Meal_Preparation
2011-12-24 21:28:50,2011-12-24 21:38:51,Idle
2011-12-24 21:38:51,2011-12-24 22:01:50,Bathroom_Usage
2011-12-24 22:01:50,2011-12-24 22:07:51,Idle
2011-12-24 22:07:51,2011-12-24 22:11:50,Bathroom_Usage
2011-12-24 22:11:50,2011-12-24 22:17:51,Idle
2011-12-24 22:17:51,2011-12-24 22:32:50,Meal_Preparation
2011-12-24 22:32:50,2011-12-24 22:39:51,Idle
2011-12-24 22:39:51,2011-12-24 23:27:50,Relax
2011-12-24 23:27:50,2011-12-24 23:58:51,Idle
2011-12-24 23:58:51,2011-12-25 00:40:50,Relax
2011-12-25 00:40:51,2011-12-25 00:41:50,Bathroom_Usage
2011-12-25 00:41:50,2011-12-25 00:44:51,Idle
2011-12-25 00:44:51,2011-12-25 02:08:50,Outside
2011-12-25 02:08:51,2011-12-25 02:12:50,Bathroom_Usage
2011-12-25 02:12:51,2011-12-25 06:06:50,Relax
2011-12-25 06:06:51,2011-12-25 06:08:50,Meal_Preparation
2011-12-25 06:08:50,2011-12-25 06:16:51,Idle
2011-12-25 06:16:51,2011-12-25 06:40:50,Relax
2011-12-25 06:40:50,2011-12-25 08:09:51,Idle
2011-12-25 08:09:51,2011-12-25 08:10:50,Bathroom_Usage
2011-12-25 08:10:51,2011-12-25 08:25:50,Relax
2011-12-25 08:25:51,2011-12-25 08:27:50,Meal_Preparation
2011-12-25 08:27:51,2011-12-25 09:29:50,Relax
2011-12-25 09:29:51,2011-12-25 09:31:50,Meal_Preparation
2011-12-25 09:31:51,2011-12-25 10:53:50,Relax
2011-12-25 10:53:51,2011-12-25 10:56:50,Bathroom_Usage
2011-12-25 10:56:51,2011-12-25 11:57:50,Relax
2011-12-25 11:57:50,2011-12-25 11:58:51,Idle
2011-12-25 11:58:51,2011-12-25 19:33:50,Sleeping
2011-12-25 19:33:50,2011-12-25 19:37:51,Idle
2011-12-25 19:37:51,2011-12-25 19:39:50,Bathroom_Usage
2011-12-25 19:39:50,2011-12-25 19:51:51,Idle
2011-12-25 19:51:51,2011-12-25 20:05:50,Bathroom_Usage
2011-12-25 20:05:50,2011-12-25 20:11:51,Idle
2011-12-25 20:11:51,2011-12-25 20:16:50,Kitchen_Usage
2011-12-25 20:16:50,2011-12-25 20:30:51,Idle
2011-12-25 20:30:51,2011-12-25 20:50:50,Relax
2011-12-25 20:50:50,2011-12-25 20:52:51,Idle
2011-12-25 20:52:51,2011-12-25 23:48:50,Outside
2011-12-25 23:48:50,2011-12-25 23:49:51,Idle
2011-12-25 23:49:51,2011-12-25 23:54:50,Bathroom_Usage
2011-12-25 23:54:50,2011-12-25 23:58:51,Idle
2011-12-25 23:58:51,2011-12-26 00:47:50,Relax
2011-12-26 00:47:50,2011-12-26 00:49:51,Idle
2011-12-26 00:49:51,2011-12-26 01:08:50,Meal_Preparation
2011-12-26 01:08:50,2011-12-26 01:55:51,Idle
2011-12-26 01:55:51,2011-12-26 01:57:50,Meal_Preparation
2011-12-26 01:57:50,2011-12-26 02:06:51,Idle
2011-12-26 02:06:51,2011-12-26 06:19:50,Outside
2011-12-26 06:19:50,2011-12-26 06:21:51,Idle
2011-12-26 06:21:51,2011-12-26 06:23:50,Bathroom_Usage
2011-12-26 06:23:51,2011-12-26 08:10:50,Relax
2011-12-26 08:10:50,2011-12-26 08:21:51,Idle
2011-12-26 08:21:51,2011-12-26 08:23:50,Kitchen_Usage
2011-12-26 08:22:51,2011-12-26 09:29:50,Relax
2011-12-26 09:29:50,2011-12-26 09:34:25,Idle
2011-12-26 09:34:25,2011-12-26 11:37:50,Relax
2011-12-26 11:37:50,2011-12-26 11:39:51,Idle
2011-12-26 11:39:51,2011-12-26 11:40:50,Bathroom_Usage
2011-12-26 11:40:51,2011-12-26 18:59:50,Sleeping
2011-12-26 18:59:50,2011-12-26 19:03:51,Idle
2011-12-26 19:03:51,2011-12-26 19:04:50,Bathroom_Usage
2011-12-26 19:04:51,2011-12-26 19:52:50,Sleeping
2011-12-26 19:52:50,2011-12-26 19:58:51,Idle
2011-12-26 19:58:51,2011-12-26 20:00:30,Bathroom_Usage
2011-12-26 20:00:30,2011-12-26 20:05:51,Idle
2011-12-26 20:05:51,2011-12-26 20:13:50,Meal_Preparation
2011-12-26 20:13:50,2011-12-26 20:50:51,Idle
2011-12-26 20:50:51,2011-12-26 20:57:50,Bathroom_Usage
2011-12-26 20:57:50,2011-12-26 21:00:51,Idle
2011-12-26 21:00:51,2011-12-26 21:10:50,Bathroom_Usage
2011-12-26 21:10:50,2011-12-26 21:19:51,Idle
2011-12-26 21:19:51,2011-12-26 21:25:50,Bathroom_Usage
2011-12-26 21:25:50,2011-12-26 21:42:51,Idle
2011-12-26 21:42:51,2011-12-26 22:08:50,Outside
2011-12-26 22:08:50,2011-12-26 22:12:51,Idle
2011-12-26 22:12:51,2011-12-26 23:00:50,Relax
2011-12-26 23:00:51,2011-12-27 05:03:50,Outside
2011-12-27 05:03:50,2011-12-27 05:08:51,Idle
2011-12-27 05:08:51,2011-12-27 05:10:50,Bathroom_Usage
2011-12-27 05:10:50,2011-12-27 05:17:51,Idle
2011-12-27 05:17:51,2011-12-27 07:12:50,Relax
2011-12-27 07:12:50,2011-12-27 07:25:51,Idle
2011-12-27 07:25:51,2011-12-27 11:36:50,Outside
2011-12-27 11:36:50,2011-12-27 11:45:51,Idle
2011-12-27 11:45:51,2011-12-27 11:47:50,Bathroom_Usage
2011-12-27 11:47:50,2011-12-27 11:49:51,Idle
2011-12-27 11:49:51,2011-12-27 11:52:50,Bathroom_Usage
2011-12-27 11:51:51,2011-12-27 20:21:50,Sleeping
2011-12-27 20:21:50,2011-12-27 20:26:51,Idle
2011-12-27 20:26:51,2011-12-27 20:28:50,Bathroom_Usage
2011-12-27 20:28:51,2011-12-27 20:39:50,Meal_Preparation
2011-12-27 20:39:50,2011-12-27 20:54:51,Idle
2011-12-27 20:54:51,2011-12-27 21:53:50,Relax
2011-12-27 21:53:50,2011-12-27 22:01:51,Idle
2011-12-27 22:01:51,2011-12-27 22:02:50,Bathroom_Usage
2011-12-27 22:02:51,2011-12-27 22:03:50,Kitchen_Usage
2011-12-27 22:03:50,2011-12-27 22:06:51,Idle
2011-12-27 22:06:51,2011-12-27 22:32:50,Relax
2011-12-27 22:32:50,2011-12-27 22:33:51,Idle
2011-12-27 22:33:51,2011-12-27 22:34:50,Bathroom_Usage
2011-12-27 22:34:51,2011-12-27 23:31:50,Relax
2011-12-27 23:31:50,2011-12-27 23:40:51,Idle
2011-12-27 23:40:51,2011-12-28 00:03:50,Bathroom_Usage
2011-12-28 00:03:50,2011-12-28 00:18:51,Idle
2011-12-28 00:18:51,2011-12-28 00:43:50,Relax
2011-12-28 00:43:50,2011-12-28 00:46:51,Idle
2011-12-28 00:46:51,2011-12-28 02:23:50,Outside
2011-12-28 02:23:50,2011-12-28 02:30:51,Idle
2011-12-28 02:30:51,2011-12-28 04:59:50,Relax
2011-12-28 04:59:50,2011-12-28 05:19:51,Idle
2011-12-28 05:19:51,2011-12-28 05:53:50,Relax
2011-12-28 05:53:50,2011-12-28 05:54:51,Idle
2011-12-28 05:54:51,2011-12-28 05:55:50,Meal_Preparation
2011-12-28 05:55:51,2011-12-28 07:08:50,Relax
2011-12-28 07:08:50,2011-12-28 07:09:51,Idle
2011-12-28 07:09:51,2011-12-28 07:11:50,Bathroom_Usage
2011-12-28 07:11:50,2011-12-28 07:12:51,Idle
2011-12-28 07:12:51,2011-12-28 07:15:50,Bathroom_Usage
2011-12-28 07:15:50,2011-12-28 07:20:51,Idle
2011-12-28 07:20:51,2011-12-28 11:46:50,Outside
2011-12-28 11:46:50,2011-12-28 11:49:51,Idle
2011-12-28 11:49:51,2011-12-28 11:51:50,Bathroom_Usage
2011-12-28 11:51:50,2011-12-28 11:57:51,Idle
2011-12-28 11:57:51,2011-12-28 11:59:50,Bathroom_Usage
2011-12-28 11:59:51,2011-12-28 19:25:50,Sleeping
2011-12-28 19:25:50,2011-12-28 19:31:51,Idle
2011-12-28 19:31:51,2011-12-28 19:34:50,Bathroom_Usage
2011-12-28 19:34:50,2011-12-28 19:35:51,Idle
2011-12-28 19:35:51,2011-12-28 19:54:50,Meal_Preparation
2011-12-28 19:54:51,2011-12-28 19:55:50,Bathroom_Usage
2011-12-28 19:55:50,2011-12-28 19:58:51,Idle
2011-12-28 19:58:51,2011-12-28 20:05:50,Bathroom_Usage
2011-12-28 20:05:50,2011-12-28 20:08:51,Idle
2011-12-28 20:08:51,2011-12-28 20:10:50,Bathroom_Usage
2011-12-28 20:10:50,2011-12-28 20:12:51,Idle
2011-12-28 20:12:51,2011-12-28 20:14:50,Bathroom_Usage
2011-12-28 20:14:50,2011-12-28 20:41:51,Idle
2011-12-28 20:41:51,2011-12-28 20:54:50,Relax
2011-12-28 20:54:50,2011-12-28 20:58:51,Idle
2011-12-28 20:58:51,2011-12-28 21:12:50,Relax
2011-12-28 21:12:51,2011-12-28 22:36:50,Outside
2011-12-28 22:36:51,2011-12-28 22:37:50,Meal_Preparation
2011-12-28 22:37:50,2011-12-28 23:06:51,Idle
2011-12-28 23:06:51,2011-12-28 23:23:50,Relax
2011-12-28 23:23:50,2011-12-28 23:24:51,Idle
2011-12-28 23:24:51,2011-12-28 23:27:50,Kitchen_Usage
2011-12-28 23:27:50,2011-12-29 00:02:51,Idle
2011-12-29 00:02:51,2011-12-29 00:32:50,Relax
2011-12-29 00:32:51,2011-12-29 00:36:50,Bathroom_Usage
2011-12-29 00:36:51,2011-12-29 02:14:50,Outside
2011-12-29 02:13:51,2011-12-29 03:47:50,Relax
2011-12-29 03:47:50,2011-12-29 03:48:51,Idle
2011-12-29 03:48:51,2011-12-29 03:54:50,Bathroom_Usage
2011-12-29 03:54:50,2011-12-29 04:03:51,Idle
2011-12-29 04:03:51,2011-12-29 05:38:50,Relax
2011-12-29 05:38:51,2011-12-29 05:44:50,Kitchen_Usage
2011-12-29 05:44:50,2011-12-29 05:56:51,Idle
2011-12-29 05:56:51,2011-12-29 08:23:50,Outside
2011-12-29 08:23:51,2011-12-29 08:27:50,Meal_Preparation
2011-12-29 08:27:51,2011-12-29 09:47:50,Relax
2011-12-29 09:47:50,2011-12-29 10:02:51,Idle
2011-12-29 10:02:51,2011-12-29 10:05:50,Bathroom_Usage
2011-12-29 10:05:50,2011-12-29 10:06:51,Idle
2011-12-29 10:06:51,2011-12-29 10:09:50,Bathroom_Usage
2011-12-29 10:08:51,2011-12-29 11:06:50,Sleeping
2011-12-29 11:06:51,2011-12-29 11:07:50,Bathroom_Usage
2011-12-29 11:07:51,2011-12-29 19:44:50,Sleeping
2011-12-29 19:44:50,2011-12-29 19:46:51,Idle
2011-12-29 19:46:51,2011-12-29 19:54:50,Kitchen_Usage
2011-12-29 19:54:50,2011-12-29 19:58:51,Idle
2011-12-29 19:58:51,2011-12-29 20:05:50,Bathroom_Usage
2011-12-29 20:05:50,2011-12-29 20:12:51,Idle
2011-12-29 20:12:51,2011-12-29 20:15:50,Bathroom_Usage
2011-12-29 20:15:50,2011-12-29 20:23:51,Idle
2011-12-29 20:23:51,2011-12-29 20:29:50,Bathroom_Usage
2011-12-29 20:29:50,2011-12-29 20:38:51,Idle
2011-12-29 20:38:51,2011-12-29 20:40:50,Bathroom_Usage
2011-12-29 20:40:50,2011-12-29 20:42:51,Idle
2011-12-29 20:42:51,2011-12-29 20:45:50,Bathroom_Usage
2011-12-29 20:45:50,2011-12-29 20:53:51,Idle
2011-12-29 20:53:51,2011-12-29 23:48:50,Outside
2011-12-29 23:48:50,2011-12-30 00:35:51,Idle
2011-12-30 00:35:51,2011-12-30 01:14:50,Relax
2011-12-30 01:14:50,2011-12-30 01:16:51,Idle
2011-12-30 01:16:51,2011-12-30 01:41:50,Relax
2011-12-30 01:41:50,2011-12-30 02:20:51,Idle
2011-12-30 02:20:51,2011-12-30 02:26:50,Bathroom_Usage
2011-12-30 02:26:51,2011-12-30 04:24:50,Relax
2011-12-30 04:24:51,2011-12-30 04:28:50,Meal_Preparation
2011-12-30 04:28:50,2011-12-30 04:52:51,Idle
2011-12-30 04:52:51,2011-12-30 07:07:50,Relax
2011-12-30 07:07:50,2011-12-30 07:08:51,Idle
2011-12-30 07:08:51,2011-12-30 07:10:50,Bathroom_Usage
2011-12-30 07:10:51,2011-12-30 07:41:50,Relax
2011-12-30 07:41:50,2011-12-30 08:34:51,Idle
2011-12-30 08:34:51,2011-12-30 09:44:50,Meal_Preparation
2011-12-30 09:44:50,2011-12-30 10:26:51,Idle
2011-12-30 10:26:51,2011-12-30 11:48:50,Relax
2011-12-30 11:48:51,2011-12-30 11:49:50,Bathroom_Usage
2011-12-30 11:49:51,2011-12-30 20:29:50,Sleeping
2011-12-30 20:29:50,2011-12-30 20:33:51,Idle
2011-12-30 20:33:51,2011-12-30 20:37:50,Bathroom_Usage
2011-12-30 20:37:50,2011-12-30 20:59:51,Idle
2011-12-30 20:59:51,2011-12-30 22:00:50,Meal_Preparation
2011-12-30 22:00:51,2011-12-30 22:09:50,Bathroom_Usage
2011-12-30 22:09:50,2011-12-30 22:10:51,Idle
2011-12-30 22:10:51,2011-12-30 22:12:50,Bathroom_Usage
2011-12-30 22:12:51,2011-12-30 22:34:50,Relax
2011-12-30 22:34:51,2011-12-30 22:39:50,Bathroom_Usage
2011-12-30 22:39:50,2011-12-30 23:02:51,Idle
2011-12-30 23:02:51,2011-12-30 23:04:50,Bathroom_Usage
2011-12-30 23:04:51,2011-12-31 00:44:50,Relax
2011-12-31 00:44:50,2011-12-31 01:16:51,Idle
2011-12-31 01:16:51,2011-12-31 01:29:50,Meal_Preparation
2011-12-31 01:28:51,2011-12-31 03:38:50,Relax
2011-12-31 03:38:51,2011-12-31 03:51:50,Meal_Preparation
2011-12-31 03:51:50,2011-12-31 03:54:51,Idle
2011-12-31 03:54:51,2011-12-31 03:56:50,Bathroom_Usage
2011-12-31 03:56:50,2011-12-31 03:59:51,Idle
2011-12-31 03:59:51,2011-12-31 08:21:50,Relax
2011-12-31 08:20:51,2011-12-31 08:29:50,Kitchen_Usage
2011-12-31 08:29:50,2011-12-31 08:48:51,Idle
2011-12-31 08:48:51,2011-12-31 10:14:50,Relax
2011-12-31 10:14:50,2011-12-31 10:18:51,Idle
2011-12-31 10:18:51,2011-12-31 10:20:50,Bathroom_Usage
2011-12-31 10:20:50,2011-12-31 10:23:51,Idle
2011-12-31 10:23:51,2011-12-31 10:25:50,Bathroom_Usage
2011-12-31 10:25:50,2011-12-31 10:26:51,Idle
2011-12-31 10:26:51,2011-12-31 19:49:50,Sleeping
2011-12-31 19:49:50,2011-12-31 19:54:51,Idle
2011-12-31 19:54:51,2011-12-31 19:56:50,Bathroom_Usage
2011-12-31 19:56:50,2011-12-31 19:58:51,Idle
2011-12-31 19:58:51,2011-12-31 20:18:50,Kitchen_Usage
2011-12-31 20:18:50,2011-12-31 20:42:51,Idle
2011-12-31 20:42:51,2011-12-31 20:52:50,Bathroom_Usage
2011-12-31 20:52:50,2011-12-31 20:53:51,Idle
2011-12-31 20:53:51,2011-12-31 20:57:50,Bathroom_Usage
2011-12-31 20:57:50,2011-12-31 21:02:51,Idle
2011-12-31 21:02:51,2011-12-31 21:03:50,Bathroom_Usage
2011-12-31 21:03:50,2011-12-31 21:37:51,Idle
2011-12-31 21:37:51,2011-12-31 21:45:50,Kitchen_Usage
2011-12-31 21:45:50,2011-12-31 22:24:51,Idle
2011-12-31 22:24:51,2011-12-31 22:58:50,Outside
2011-12-31 22:58:50,2011-12-31 23:00:51,Idle
2011-12-31 23:00:51,2011-12-31 23:02:50,Bathroom_Usage
2011-12-31 23:02:50,2011-12-31 23:45:51,Idle
2011-12-31 23:45:51,2012-01-01 00:19:50,Kitchen_Usage
2012-01-01 00:19:50,2012-01-01 01:57:51,Idle
2012-01-01 01:57:51,2012-01-01 02:02:50,Kitchen_Usage
2012-01-01 02:02:50,2012-01-01 04:36:51,Idle
2012-01-01 04:36:51,2012-01-01 04:54:50,Kitchen_Usage
2012-01-01 04:54:50,2012-01-01 05:00:51,Idle
2012-01-01 05:00:51,2012-01-01 05:01:50,Bathroom_Usage
2012-01-01 05:01:51,2012-01-01 06:45:50,Relax
2012-01-01 06:45:50,2012-01-01 07:18:51,Idle
2012-01-01 07:18:51,2012-01-01 07:19:50,Bathroom_Usage
2012-01-01 07:19:50,2012-01-01 07:28:51,Idle
2012-01-01 07:28:51,2012-01-01 11:34:50,Outside
2012-01-01 11:34:50,2012-01-01 11:40:51,Idle
2012-01-01 11:40:51,2012-01-01 11:42:50,Bathroom_Usage
2012-01-01 11:42:50,2012-01-01 11:46:51,Idle
2012-01-01 11:46:51,2012-01-01 11:48:50,Bathroom_Usage
2012-01-01 11:48:50,2012-01-01 11:49:51,Idle
2012-01-01 11:49:51,2012-01-01 19:29:50,Sleeping
2012-01-01 19:29:50,2012-01-01 19:33:51,Idle
2012-01-01 19:33:51,2012-01-01 19:34:50,Bathroom_Usage
2012-01-01 19:35:13,2012-01-01 20:25:50,Sleeping
2012-01-01 20:25:50,2012-01-01 20:28:51,Idle
2012-01-01 20:28:51,2012-01-01 20:30:50,Bathroom_Usage
2012-01-01 20:30:50,2012-01-01 20:34:51,Idle
2012-01-01 20:34:51,2012-01-01 20:42:50,Kitchen_Usage
2012-01-01 20:42:50,2012-01-01 21:42:51,Idle
2012-01-01 21:42:51,2012-01-01 21:58:50,Bathroom_Usage
2012-01-01 21:58:50,2012-01-01 22:01:51,Idle
2012-01-01 22:01:51,2012-01-01 22:02:50,Bathroom_Usage
2012-01-01 22:02:50,2012-01-01 22:32:51,Idle
2012-01-01 22:32:51,2012-01-01 23:05:50,Meal_Preparation
2012-01-01 23:05:50,2012-01-01 23:45:51,Idle
2012-01-01 23:45:51,2012-01-02 00:08:50,Outside
2012-01-02 00:08:50,2012-01-02 01:22:51,Idle
2012-01-02 01:22:51,2012-01-02 01:42:50,Kitchen_Usage
2012-01-02 01:42:50,2012-01-02 02:53:51,Idle
2012-01-02 02:53:51,2012-01-02 03:08:50,Kitchen_Usage
2012-01-02 03:08:50,2012-01-02 03:18:51,Idle
2012-01-02 03:18:51,2012-01-02 04:54:50,Relax
2012-01-02 04:54:51,2012-01-02 04:56:50,Bathroom_Usage
2012-01-02 04:56:50,2012-01-02 05:18:51,Idle
2012-01-02 05:18:51,2012-01-02 05:20:50,Bathroom_Usage
2012-01-02 05:20:50,2012-01-02 05:24:51,Idle
2012-01-02 05:24:51,2012-01-02 06:12:50,Relax
2012-01-02 06:12:50,2012-01-02 06:17:51,Idle
2012-01-02 06:17:51,2012-01-02 06:30:50,Relax
2012-01-02 06:30:50,2012-01-02 06:37:51,Idle
2012-01-02 06:37:51,2012-01-02 06:38:50,Bathroom_Usage
2012-01-02 06:38:50,2012-01-02 06:49:51,Idle
2012-01-02 06:49:51,2012-01-02 11:12:50,Relax
